month,year,trt,habitat,MDS1,MDS2,MDS3
JUN,2009,C,unveg,-0.8158861320175114,-0.0739530832763176,-0.03444183633908002
JUN,2009,C,veg,0.11602292080555116,0.5461374618400513,0.35591101771450506
JUN,2009,X,unveg,-0.7631709494755962,-0.05553251121873747,0.015635957684064367
JUN,2009,X,veg,0.045881623162171786,0.3261360995692243,0.12792901154618447
